folder,Unnamed: 0,path,mask_state,age,gender,class,pred
000001_female_Asian_45,0,/opt/ml/repo/level1_imageclassification_cv-level1-cv-06/T4064/dataset/train/images/000001_female_Asian_45/mask1.jpg,Wear,45,female,4,3
000004_male_Asian_54,14,/opt/ml/repo/level1_imageclassification_cv-level1-cv-06/T4064/dataset/train/images/000004_male_Asian_54/mask1.jpg,Wear,54,male,1,0
000019_female_Asian_57,98,/opt/ml/repo/level1_imageclassification_cv-level1-cv-06/T4064/dataset/train/images/000019_female_Asian_57/mask1.jpg,Wear,57,female,4,3
000020_female_Asian_50,105,/opt/ml/repo/level1_imageclassification_cv-level1-cv-06/T4064/dataset/train/images/000020_female_Asian_50/mask1.jpg,Wear,50,female,4,3
000023_female_Asian_55,126,/opt/ml/repo/level1_imageclassification_cv-level1-cv-06/T4064/dataset/train/images/000023_female_Asian_55/mask1.jpg,Wear,55,female,4,3
000025_female_Asian_49,140,/opt/ml/repo/level1_imageclassification_cv-level1-cv-06/T4064/dataset/train/images/000025_female_Asian_49/mask1.jpg,Wear,49,female,4,3
000028_female_Asian_58,154,/opt/ml/repo/level1_imageclassification_cv-level1-cv-06/T4064/dataset/train/images/000028_female_Asian_58/mask1.jpg,Wear,58,female,4,3
000031_female_Asian_54,175,/opt/ml/repo/level1_imageclassification_cv-level1-cv-06/T4064/dataset/train/images/000031_female_Asian_54/mask1.jpg,Wear,54,female,4,3
000036_female_Asian_58,196,/opt/ml/repo/level1_imageclassification_cv-level1-cv-06/T4064/dataset/train/images/000036_female_Asian_58/mask1.jpg,Wear,58,female,4,3
000039_female_Asian_57,217,/opt/ml/repo/level1_imageclassification_cv-level1-cv-06/T4064/dataset/train/images/000039_female_Asian_57/mask1.jpg,Wear,57,female,4,3
000040_female_Asian_57,224,/opt/ml/repo/level1_imageclassification_cv-level1-cv-06/T4064/dataset/train/images/000040_female_Asian_57/mask1.jpg,Wear,57,female,4,3
000041_female_Asian_58,231,/opt/ml/repo/level1_imageclassification_cv-level1-cv-06/T4064/dataset/train/images/000041_female_Asian_58/mask1.jpg,Wear,58,female,4,3
000048_female_Asian_57,273,/opt/ml/repo/level1_imageclassification_cv-level1-cv-06/T4064/dataset/train/images/000048_female_Asian_57/mask1.jpg,Wear,57,female,4,3
000062_female_Asian_55,280,/opt/ml/repo/level1_imageclassification_cv-level1-cv-06/T4064/dataset/train/images/000062_female_Asian_55/mask1.jpg,Wear,55,female,4,3
000066_female_Asian_53,294,/opt/ml/repo/level1_imageclassification_cv-level1-cv-06/T4064/dataset/train/images/000066_female_Asian_53/mask1.jpg,Wear,53,female,4,0
000067_female_Asian_54,301,/opt/ml/repo/level1_imageclassification_cv-level1-cv-06/T4064/dataset/train/images/000067_female_Asian_54/mask1.jpg,Wear,54,female,4,3
000069_female_Asian_54,308,/opt/ml/repo/level1_imageclassification_cv-level1-cv-06/T4064/dataset/train/images/000069_female_Asian_54/mask1.jpg,Wear,54,female,4,3
000078_female_Asian_55,350,/opt/ml/repo/level1_imageclassification_cv-level1-cv-06/T4064/dataset/train/images/000078_female_Asian_55/mask1.jpg,Wear,55,female,4,3
000225_female_Asian_25,462,/opt/ml/repo/level1_imageclassification_cv-level1-cv-06/T4064/dataset/train/images/000225_female_Asian_25/mask1.jpg,Wear,25,female,3,0
000226_female_Asian_58,469,/opt/ml/repo/level1_imageclassification_cv-level1-cv-06/T4064/dataset/train/images/000226_female_Asian_58/mask1.jpg,Wear,58,female,4,0
000296_female_Asian_57,812,/opt/ml/repo/level1_imageclassification_cv-level1-cv-06/T4064/dataset/train/images/000296_female_Asian_57/mask1.jpg,Wear,57,female,4,3
000299_female_Asian_57,826,/opt/ml/repo/level1_imageclassification_cv-level1-cv-06/T4064/dataset/train/images/000299_female_Asian_57/mask1.jpg,Wear,57,female,4,1
000520_female_Asian_59,1022,/opt/ml/repo/level1_imageclassification_cv-level1-cv-06/T4064/dataset/train/images/000520_female_Asian_59/mask1.jpg,Wear,59,female,4,3
000522_female_Asian_51,1029,/opt/ml/repo/level1_imageclassification_cv-level1-cv-06/T4064/dataset/train/images/000522_female_Asian_51/mask1.jpg,Wear,51,female,4,3
000532_female_Asian_57,1085,/opt/ml/repo/level1_imageclassification_cv-level1-cv-06/T4064/dataset/train/images/000532_female_Asian_57/mask1.jpg,Wear,57,female,4,5
000541_female_Asian_35,1134,/opt/ml/repo/level1_imageclassification_cv-level1-cv-06/T4064/dataset/train/images/000541_female_Asian_35/mask1.jpg,Wear,35,female,4,3
000542_female_Asian_58,1141,/opt/ml/repo/level1_imageclassification_cv-level1-cv-06/T4064/dataset/train/images/000542_female_Asian_58/mask1.jpg,Wear,58,female,4,1
000543_male_Asian_35,1148,/opt/ml/repo/level1_imageclassification_cv-level1-cv-06/T4064/dataset/train/images/000543_male_Asian_35/mask1.jpg,Wear,35,male,1,0
000547_female_Asian_55,1169,/opt/ml/repo/level1_imageclassification_cv-level1-cv-06/T4064/dataset/train/images/000547_female_Asian_55/mask1.jpg,Wear,55,female,4,1
000565_female_Asian_35,1281,/opt/ml/repo/level1_imageclassification_cv-level1-cv-06/T4064/dataset/train/images/000565_female_Asian_35/mask1.jpg,Wear,35,female,4,3
000567_female_Asian_51,1295,/opt/ml/repo/level1_imageclassification_cv-level1-cv-06/T4064/dataset/train/images/000567_female_Asian_51/mask1.jpg,Wear,51,female,4,3
000570_female_Asian_54,1309,/opt/ml/repo/level1_imageclassification_cv-level1-cv-06/T4064/dataset/train/images/000570_female_Asian_54/mask1.jpg,Wear,54,female,4,3
000573_female_Asian_50,1330,/opt/ml/repo/level1_imageclassification_cv-level1-cv-06/T4064/dataset/train/images/000573_female_Asian_50/mask1.jpg,Wear,50,female,4,3
000574_female_Asian_56,1337,/opt/ml/repo/level1_imageclassification_cv-level1-cv-06/T4064/dataset/train/images/000574_female_Asian_56/mask1.jpg,Wear,56,female,4,3
000615_male_Asian_56,1526,/opt/ml/repo/level1_imageclassification_cv-level1-cv-06/T4064/dataset/train/images/000615_male_Asian_56/mask1.jpg,Wear,56,male,1,0
000631_female_Asian_57,1617,/opt/ml/repo/level1_imageclassification_cv-level1-cv-06/T4064/dataset/train/images/000631_female_Asian_57/mask1.jpg,Wear,57,female,4,0
000646_female_Asian_51,1708,/opt/ml/repo/level1_imageclassification_cv-level1-cv-06/T4064/dataset/train/images/000646_female_Asian_51/mask1.jpg,Wear,51,female,4,3
000651_male_Asian_54,1729,/opt/ml/repo/level1_imageclassification_cv-level1-cv-06/T4064/dataset/train/images/000651_male_Asian_54/mask1.jpg,Wear,54,male,1,0
000658_male_Asian_58,1778,/opt/ml/repo/level1_imageclassification_cv-level1-cv-06/T4064/dataset/train/images/000658_male_Asian_58/mask1.jpg,Wear,58,male,1,0
000664_female_Asian_55,1813,/opt/ml/repo/level1_imageclassification_cv-level1-cv-06/T4064/dataset/train/images/000664_female_Asian_55/mask1.jpg,Wear,55,female,4,0
000675_female_Asian_59,1876,/opt/ml/repo/level1_imageclassification_cv-level1-cv-06/T4064/dataset/train/images/000675_female_Asian_59/mask1.jpg,Wear,59,female,4,1
000724_female_Asian_57,2114,/opt/ml/repo/level1_imageclassification_cv-level1-cv-06/T4064/dataset/train/images/000724_female_Asian_57/mask1.jpg,Wear,57,female,4,1
001002_female_Asian_42,2653,/opt/ml/repo/level1_imageclassification_cv-level1-cv-06/T4064/dataset/train/images/001002_female_Asian_42/mask1.jpg,Wear,42,female,4,0
001008_female_Asian_58,2688,/opt/ml/repo/level1_imageclassification_cv-level1-cv-06/T4064/dataset/train/images/001008_female_Asian_58/mask1.jpg,Wear,58,female,4,1
001009_female_Asian_40,2695,/opt/ml/repo/level1_imageclassification_cv-level1-cv-06/T4064/dataset/train/images/001009_female_Asian_40/mask1.jpg,Wear,40,female,4,3
001011_male_Asian_30,2709,/opt/ml/repo/level1_imageclassification_cv-level1-cv-06/T4064/dataset/train/images/001011_male_Asian_30/mask1.jpg,Wear,30,male,1,0
001055_female_Asian_25,3045,/opt/ml/repo/level1_imageclassification_cv-level1-cv-06/T4064/dataset/train/images/001055_female_Asian_25/mask1.jpg,Wear,25,female,3,4
001058_female_Asian_28,3066,/opt/ml/repo/level1_imageclassification_cv-level1-cv-06/T4064/dataset/train/images/001058_female_Asian_28/mask1.jpg,Wear,28,female,3,4
001102_female_Asian_60,3339,/opt/ml/repo/level1_imageclassification_cv-level1-cv-06/T4064/dataset/train/images/001102_female_Asian_60/mask1.jpg,Wear,60,female,5,4
001106_female_Asian_60,3360,/opt/ml/repo/level1_imageclassification_cv-level1-cv-06/T4064/dataset/train/images/001106_female_Asian_60/mask1.jpg,Wear,60,female,5,4
001112_male_Asian_28,3388,/opt/ml/repo/level1_imageclassification_cv-level1-cv-06/T4064/dataset/train/images/001112_male_Asian_28/mask1.jpg,Wear,28,male,0,1
001116_female_Asian_25,3416,/opt/ml/repo/level1_imageclassification_cv-level1-cv-06/T4064/dataset/train/images/001116_female_Asian_25/mask1.jpg,Wear,25,female,3,4
001132-1_male_Asian_25,3521,/opt/ml/repo/level1_imageclassification_cv-level1-cv-06/T4064/dataset/train/images/001132-1_male_Asian_25/mask1.jpg,Wear,25,male,0,4
001152_male_Asian_60,3654,/opt/ml/repo/level1_imageclassification_cv-level1-cv-06/T4064/dataset/train/images/001152_male_Asian_60/mask1.jpg,Wear,60,male,2,1
001167_male_Asian_23,3745,/opt/ml/repo/level1_imageclassification_cv-level1-cv-06/T4064/dataset/train/images/001167_male_Asian_23/mask1.jpg,Wear,23,male,0,1
001168_male_Asian_28,3752,/opt/ml/repo/level1_imageclassification_cv-level1-cv-06/T4064/dataset/train/images/001168_male_Asian_28/mask1.jpg,Wear,28,male,0,1
001172_female_Asian_60,3780,/opt/ml/repo/level1_imageclassification_cv-level1-cv-06/T4064/dataset/train/images/001172_female_Asian_60/mask1.jpg,Wear,60,female,5,4
001175_male_Asian_60,3801,/opt/ml/repo/level1_imageclassification_cv-level1-cv-06/T4064/dataset/train/images/001175_male_Asian_60/mask1.jpg,Wear,60,male,2,1
001177_female_Asian_20,3815,/opt/ml/repo/level1_imageclassification_cv-level1-cv-06/T4064/dataset/train/images/001177_female_Asian_20/mask1.jpg,Wear,20,female,3,4
001194_male_Asian_25,3955,/opt/ml/repo/level1_imageclassification_cv-level1-cv-06/T4064/dataset/train/images/001194_male_Asian_25/mask1.jpg,Wear,25,male,0,3
001201_male_Asian_26,3990,/opt/ml/repo/level1_imageclassification_cv-level1-cv-06/T4064/dataset/train/images/001201_male_Asian_26/mask1.jpg,Wear,26,male,0,1
001250_male_Asian_23,4165,/opt/ml/repo/level1_imageclassification_cv-level1-cv-06/T4064/dataset/train/images/001250_male_Asian_23/mask1.jpg,Wear,23,male,0,1
001263_male_Asian_33,4228,/opt/ml/repo/level1_imageclassification_cv-level1-cv-06/T4064/dataset/train/images/001263_male_Asian_33/mask1.jpg,Wear,33,male,1,0
001282_female_Asian_18,4305,/opt/ml/repo/level1_imageclassification_cv-level1-cv-06/T4064/dataset/train/images/001282_female_Asian_18/mask1.jpg,Wear,18,female,3,4
001306_male_Asian_20,4424,/opt/ml/repo/level1_imageclassification_cv-level1-cv-06/T4064/dataset/train/images/001306_male_Asian_20/mask1.jpg,Wear,20,male,0,4
001330_female_Asian_28,4529,/opt/ml/repo/level1_imageclassification_cv-level1-cv-06/T4064/dataset/train/images/001330_female_Asian_28/mask1.jpg,Wear,28,female,3,4
001334_female_Asian_24,4550,/opt/ml/repo/level1_imageclassification_cv-level1-cv-06/T4064/dataset/train/images/001334_female_Asian_24/mask1.jpg,Wear,24,female,3,4
001336_male_Asian_26,4564,/opt/ml/repo/level1_imageclassification_cv-level1-cv-06/T4064/dataset/train/images/001336_male_Asian_26/mask1.jpg,Wear,26,male,0,1
001339_female_Asian_26,4585,/opt/ml/repo/level1_imageclassification_cv-level1-cv-06/T4064/dataset/train/images/001339_female_Asian_26/mask1.jpg,Wear,26,female,3,4
001357_female_Asian_25,4655,/opt/ml/repo/level1_imageclassification_cv-level1-cv-06/T4064/dataset/train/images/001357_female_Asian_25/mask1.jpg,Wear,25,female,3,4
001358_female_Asian_29,4662,/opt/ml/repo/level1_imageclassification_cv-level1-cv-06/T4064/dataset/train/images/001358_female_Asian_29/mask1.jpg,Wear,29,female,3,4
001359-1_female_Asian_24,4676,/opt/ml/repo/level1_imageclassification_cv-level1-cv-06/T4064/dataset/train/images/001359-1_female_Asian_24/mask1.jpg,Wear,24,female,3,4
001362_female_Asian_28,4690,/opt/ml/repo/level1_imageclassification_cv-level1-cv-06/T4064/dataset/train/images/001362_female_Asian_28/mask1.jpg,Wear,28,female,3,4
001444_male_Asian_60,5005,/opt/ml/repo/level1_imageclassification_cv-level1-cv-06/T4064/dataset/train/images/001444_male_Asian_60/mask1.jpg,Wear,60,male,2,1
001459_female_Asian_60,5089,/opt/ml/repo/level1_imageclassification_cv-level1-cv-06/T4064/dataset/train/images/001459_female_Asian_60/mask1.jpg,Wear,60,female,5,4
001464_male_Asian_60,5117,/opt/ml/repo/level1_imageclassification_cv-level1-cv-06/T4064/dataset/train/images/001464_male_Asian_60/mask1.jpg,Wear,60,male,2,1
001468_female_Asian_60,5138,/opt/ml/repo/level1_imageclassification_cv-level1-cv-06/T4064/dataset/train/images/001468_female_Asian_60/mask1.jpg,Wear,60,female,5,4
001494_male_Asian_60,5299,/opt/ml/repo/level1_imageclassification_cv-level1-cv-06/T4064/dataset/train/images/001494_male_Asian_60/mask1.jpg,Wear,60,male,2,1
001498-1_male_Asian_23,5348,/opt/ml/repo/level1_imageclassification_cv-level1-cv-06/T4064/dataset/train/images/001498-1_male_Asian_23/mask1.jpg,Wear,23,male,0,3
001525_female_Asian_60,5523,/opt/ml/repo/level1_imageclassification_cv-level1-cv-06/T4064/dataset/train/images/001525_female_Asian_60/mask1.jpg,Wear,60,female,5,4
001556_female_Asian_60,5712,/opt/ml/repo/level1_imageclassification_cv-level1-cv-06/T4064/dataset/train/images/001556_female_Asian_60/mask1.jpg,Wear,60,female,5,4
001565_male_Asian_60,5769,/opt/ml/repo/level1_imageclassification_cv-level1-cv-06/T4064/dataset/train/images/001565_male_Asian_60/normal.jpg,Not Wear,60,male,14,13
001568_male_Asian_60,5789,/opt/ml/repo/level1_imageclassification_cv-level1-cv-06/T4064/dataset/train/images/001568_male_Asian_60/mask1.jpg,Wear,60,male,2,1
001570_male_Asian_60,5796,/opt/ml/repo/level1_imageclassification_cv-level1-cv-06/T4064/dataset/train/images/001570_male_Asian_60/mask1.jpg,Wear,60,male,2,1
001572_female_Asian_26,5803,/opt/ml/repo/level1_imageclassification_cv-level1-cv-06/T4064/dataset/train/images/001572_female_Asian_26/mask1.jpg,Wear,26,female,3,4
001581_female_Asian_60,5852,/opt/ml/repo/level1_imageclassification_cv-level1-cv-06/T4064/dataset/train/images/001581_female_Asian_60/mask1.jpg,Wear,60,female,5,4
001597_male_Asian_60,5964,/opt/ml/repo/level1_imageclassification_cv-level1-cv-06/T4064/dataset/train/images/001597_male_Asian_60/mask1.jpg,Wear,60,male,2,1
001598_female_Asian_60,5971,/opt/ml/repo/level1_imageclassification_cv-level1-cv-06/T4064/dataset/train/images/001598_female_Asian_60/mask1.jpg,Wear,60,female,5,4
001637_female_Asian_34,6195,/opt/ml/repo/level1_imageclassification_cv-level1-cv-06/T4064/dataset/train/images/001637_female_Asian_34/mask1.jpg,Wear,34,female,4,3
001653_female_Asian_36,6300,/opt/ml/repo/level1_imageclassification_cv-level1-cv-06/T4064/dataset/train/images/001653_female_Asian_36/mask1.jpg,Wear,36,female,4,3
001656_female_Asian_60,6314,/opt/ml/repo/level1_imageclassification_cv-level1-cv-06/T4064/dataset/train/images/001656_female_Asian_60/mask1.jpg,Wear,60,female,5,4
001666_female_Asian_45,6384,/opt/ml/repo/level1_imageclassification_cv-level1-cv-06/T4064/dataset/train/images/001666_female_Asian_45/mask1.jpg,Wear,45,female,4,3
001720_female_Asian_18,6531,/opt/ml/repo/level1_imageclassification_cv-level1-cv-06/T4064/dataset/train/images/001720_female_Asian_18/mask1.jpg,Wear,18,female,3,0
001754_female_Asian_43,6734,/opt/ml/repo/level1_imageclassification_cv-level1-cv-06/T4064/dataset/train/images/001754_female_Asian_43/mask1.jpg,Wear,43,female,4,3
001796_female_Asian_23,7007,/opt/ml/repo/level1_imageclassification_cv-level1-cv-06/T4064/dataset/train/images/001796_female_Asian_23/mask1.jpg,Wear,23,female,3,4
001803_female_Asian_27,7035,/opt/ml/repo/level1_imageclassification_cv-level1-cv-06/T4064/dataset/train/images/001803_female_Asian_27/mask1.jpg,Wear,27,female,3,4
001821_female_Asian_36,7112,/opt/ml/repo/level1_imageclassification_cv-level1-cv-06/T4064/dataset/train/images/001821_female_Asian_36/mask1.jpg,Wear,36,female,4,1
001864_female_Asian_26,7231,/opt/ml/repo/level1_imageclassification_cv-level1-cv-06/T4064/dataset/train/images/001864_female_Asian_26/mask1.jpg,Wear,26,female,3,4
001879_female_Asian_54,7245,/opt/ml/repo/level1_imageclassification_cv-level1-cv-06/T4064/dataset/train/images/001879_female_Asian_54/mask1.jpg,Wear,54,female,4,1
001972_female_Asian_53,7413,/opt/ml/repo/level1_imageclassification_cv-level1-cv-06/T4064/dataset/train/images/001972_female_Asian_53/mask1.jpg,Wear,53,female,4,5
001979_female_Asian_29,7434,/opt/ml/repo/level1_imageclassification_cv-level1-cv-06/T4064/dataset/train/images/001979_female_Asian_29/mask1.jpg,Wear,29,female,3,4
003011_female_Asian_19,7560,/opt/ml/repo/level1_imageclassification_cv-level1-cv-06/T4064/dataset/train/images/003011_female_Asian_19/mask1.jpg,Wear,19,female,3,4
003017_female_Asian_19,7595,/opt/ml/repo/level1_imageclassification_cv-level1-cv-06/T4064/dataset/train/images/003017_female_Asian_19/mask1.jpg,Wear,19,female,3,4
003032_female_Asian_20,7672,/opt/ml/repo/level1_imageclassification_cv-level1-cv-06/T4064/dataset/train/images/003032_female_Asian_20/mask1.jpg,Wear,20,female,3,1
003066_female_Asian_19,7882,/opt/ml/repo/level1_imageclassification_cv-level1-cv-06/T4064/dataset/train/images/003066_female_Asian_19/mask1.jpg,Wear,19,female,3,4
003095_female_Asian_20,8022,/opt/ml/repo/level1_imageclassification_cv-level1-cv-06/T4064/dataset/train/images/003095_female_Asian_20/mask1.jpg,Wear,20,female,3,4
003097_female_Asian_20,8036,/opt/ml/repo/level1_imageclassification_cv-level1-cv-06/T4064/dataset/train/images/003097_female_Asian_20/mask1.jpg,Wear,20,female,3,4
003100_female_Asian_20,8050,/opt/ml/repo/level1_imageclassification_cv-level1-cv-06/T4064/dataset/train/images/003100_female_Asian_20/mask1.jpg,Wear,20,female,3,4
003102_female_Asian_20,8064,/opt/ml/repo/level1_imageclassification_cv-level1-cv-06/T4064/dataset/train/images/003102_female_Asian_20/mask1.jpg,Wear,20,female,3,4
003104_female_Asian_19,8078,/opt/ml/repo/level1_imageclassification_cv-level1-cv-06/T4064/dataset/train/images/003104_female_Asian_19/mask1.jpg,Wear,19,female,3,4
003106_female_Asian_20,8085,/opt/ml/repo/level1_imageclassification_cv-level1-cv-06/T4064/dataset/train/images/003106_female_Asian_20/mask1.jpg,Wear,20,female,3,4
003108_female_Asian_19,8092,/opt/ml/repo/level1_imageclassification_cv-level1-cv-06/T4064/dataset/train/images/003108_female_Asian_19/mask1.jpg,Wear,19,female,3,0
003113_female_Asian_20,8127,/opt/ml/repo/level1_imageclassification_cv-level1-cv-06/T4064/dataset/train/images/003113_female_Asian_20/mask1.jpg,Wear,20,female,3,0
003115_female_Asian_18,8134,/opt/ml/repo/level1_imageclassification_cv-level1-cv-06/T4064/dataset/train/images/003115_female_Asian_18/mask1.jpg,Wear,18,female,3,4
003123_female_Asian_19,8176,/opt/ml/repo/level1_imageclassification_cv-level1-cv-06/T4064/dataset/train/images/003123_female_Asian_19/mask1.jpg,Wear,19,female,3,4
003128_female_Asian_19,8204,/opt/ml/repo/level1_imageclassification_cv-level1-cv-06/T4064/dataset/train/images/003128_female_Asian_19/mask1.jpg,Wear,19,female,3,4
003131_female_Asian_20,8225,/opt/ml/repo/level1_imageclassification_cv-level1-cv-06/T4064/dataset/train/images/003131_female_Asian_20/mask1.jpg,Wear,20,female,3,0
003133_female_Asian_19,8239,/opt/ml/repo/level1_imageclassification_cv-level1-cv-06/T4064/dataset/train/images/003133_female_Asian_19/mask1.jpg,Wear,19,female,3,4
003134_female_Asian_20,8246,/opt/ml/repo/level1_imageclassification_cv-level1-cv-06/T4064/dataset/train/images/003134_female_Asian_20/mask1.jpg,Wear,20,female,3,4
003138_female_Asian_20,8274,/opt/ml/repo/level1_imageclassification_cv-level1-cv-06/T4064/dataset/train/images/003138_female_Asian_20/mask1.jpg,Wear,20,female,3,4
003140_female_Asian_20,8288,/opt/ml/repo/level1_imageclassification_cv-level1-cv-06/T4064/dataset/train/images/003140_female_Asian_20/mask1.jpg,Wear,20,female,3,4
003144_female_Asian_19,8302,/opt/ml/repo/level1_imageclassification_cv-level1-cv-06/T4064/dataset/train/images/003144_female_Asian_19/mask1.jpg,Wear,19,female,3,4
003145_female_Asian_19,8310,/opt/ml/repo/level1_imageclassification_cv-level1-cv-06/T4064/dataset/train/images/003145_female_Asian_19/normal.jpg,Not Wear,19,female,15,16
003147_female_Asian_20,8324,/opt/ml/repo/level1_imageclassification_cv-level1-cv-06/T4064/dataset/train/images/003147_female_Asian_20/normal.jpg,Not Wear,20,female,15,16
003148_female_Asian_20,8330,/opt/ml/repo/level1_imageclassification_cv-level1-cv-06/T4064/dataset/train/images/003148_female_Asian_20/mask1.jpg,Wear,20,female,3,4
003150_female_Asian_19,8337,/opt/ml/repo/level1_imageclassification_cv-level1-cv-06/T4064/dataset/train/images/003150_female_Asian_19/mask1.jpg,Wear,19,female,3,4
003153_female_Asian_19,8351,/opt/ml/repo/level1_imageclassification_cv-level1-cv-06/T4064/dataset/train/images/003153_female_Asian_19/mask1.jpg,Wear,19,female,3,4
003154_female_Asian_19,8358,/opt/ml/repo/level1_imageclassification_cv-level1-cv-06/T4064/dataset/train/images/003154_female_Asian_19/mask1.jpg,Wear,19,female,3,4
003157_female_Asian_20,8380,/opt/ml/repo/level1_imageclassification_cv-level1-cv-06/T4064/dataset/train/images/003157_female_Asian_20/normal.jpg,Not Wear,20,female,15,12
003162_female_Asian_19,8407,/opt/ml/repo/level1_imageclassification_cv-level1-cv-06/T4064/dataset/train/images/003162_female_Asian_19/mask1.jpg,Wear,19,female,3,1
003165_female_Asian_20,8421,/opt/ml/repo/level1_imageclassification_cv-level1-cv-06/T4064/dataset/train/images/003165_female_Asian_20/mask1.jpg,Wear,20,female,3,4
003167_female_Asian_19,8435,/opt/ml/repo/level1_imageclassification_cv-level1-cv-06/T4064/dataset/train/images/003167_female_Asian_19/mask1.jpg,Wear,19,female,3,1
003168_female_Asian_20,8442,/opt/ml/repo/level1_imageclassification_cv-level1-cv-06/T4064/dataset/train/images/003168_female_Asian_20/mask1.jpg,Wear,20,female,3,4
003169_female_Asian_20,8449,/opt/ml/repo/level1_imageclassification_cv-level1-cv-06/T4064/dataset/train/images/003169_female_Asian_20/mask1.jpg,Wear,20,female,3,1
003170_female_Asian_20,8456,/opt/ml/repo/level1_imageclassification_cv-level1-cv-06/T4064/dataset/train/images/003170_female_Asian_20/mask1.jpg,Wear,20,female,3,4
003171_female_Asian_19,8463,/opt/ml/repo/level1_imageclassification_cv-level1-cv-06/T4064/dataset/train/images/003171_female_Asian_19/mask1.jpg,Wear,19,female,3,4
003172_female_Asian_19,8470,/opt/ml/repo/level1_imageclassification_cv-level1-cv-06/T4064/dataset/train/images/003172_female_Asian_19/mask1.jpg,Wear,19,female,3,4
003177_female_Asian_18,8498,/opt/ml/repo/level1_imageclassification_cv-level1-cv-06/T4064/dataset/train/images/003177_female_Asian_18/mask1.jpg,Wear,18,female,3,0
003183_female_Asian_19,8540,/opt/ml/repo/level1_imageclassification_cv-level1-cv-06/T4064/dataset/train/images/003183_female_Asian_19/mask1.jpg,Wear,19,female,3,1
003187_female_Asian_20,8561,/opt/ml/repo/level1_imageclassification_cv-level1-cv-06/T4064/dataset/train/images/003187_female_Asian_20/mask1.jpg,Wear,20,female,3,0
003188_female_Asian_19,8568,/opt/ml/repo/level1_imageclassification_cv-level1-cv-06/T4064/dataset/train/images/003188_female_Asian_19/mask1.jpg,Wear,19,female,3,0
003190_female_Asian_19,8575,/opt/ml/repo/level1_imageclassification_cv-level1-cv-06/T4064/dataset/train/images/003190_female_Asian_19/mask1.jpg,Wear,19,female,3,4
003197_female_Asian_19,8624,/opt/ml/repo/level1_imageclassification_cv-level1-cv-06/T4064/dataset/train/images/003197_female_Asian_19/mask1.jpg,Wear,19,female,3,0
003222_female_Asian_20,8659,/opt/ml/repo/level1_imageclassification_cv-level1-cv-06/T4064/dataset/train/images/003222_female_Asian_20/mask1.jpg,Wear,20,female,3,1
003223_female_Asian_18,8666,/opt/ml/repo/level1_imageclassification_cv-level1-cv-06/T4064/dataset/train/images/003223_female_Asian_18/mask1.jpg,Wear,18,female,3,0
003225_female_Asian_20,8680,/opt/ml/repo/level1_imageclassification_cv-level1-cv-06/T4064/dataset/train/images/003225_female_Asian_20/mask1.jpg,Wear,20,female,3,1
003226_female_Asian_20,8687,/opt/ml/repo/level1_imageclassification_cv-level1-cv-06/T4064/dataset/train/images/003226_female_Asian_20/mask1.jpg,Wear,20,female,3,0
003235_female_Asian_20,8729,/opt/ml/repo/level1_imageclassification_cv-level1-cv-06/T4064/dataset/train/images/003235_female_Asian_20/mask1.jpg,Wear,20,female,3,4
003238_female_Asian_20,8743,/opt/ml/repo/level1_imageclassification_cv-level1-cv-06/T4064/dataset/train/images/003238_female_Asian_20/mask1.jpg,Wear,20,female,3,1
003239_female_Asian_20,8750,/opt/ml/repo/level1_imageclassification_cv-level1-cv-06/T4064/dataset/train/images/003239_female_Asian_20/mask1.jpg,Wear,20,female,3,4
003243_female_Asian_19,8771,/opt/ml/repo/level1_imageclassification_cv-level1-cv-06/T4064/dataset/train/images/003243_female_Asian_19/mask1.jpg,Wear,19,female,3,4
003245_female_Asian_19,8778,/opt/ml/repo/level1_imageclassification_cv-level1-cv-06/T4064/dataset/train/images/003245_female_Asian_19/mask1.jpg,Wear,19,female,3,4
003248_female_Asian_20,8792,/opt/ml/repo/level1_imageclassification_cv-level1-cv-06/T4064/dataset/train/images/003248_female_Asian_20/mask1.jpg,Wear,20,female,3,4
003264_female_Asian_19,8806,/opt/ml/repo/level1_imageclassification_cv-level1-cv-06/T4064/dataset/train/images/003264_female_Asian_19/mask1.jpg,Wear,19,female,3,4
003272_female_Asian_19,8855,/opt/ml/repo/level1_imageclassification_cv-level1-cv-06/T4064/dataset/train/images/003272_female_Asian_19/mask1.jpg,Wear,19,female,3,4
003276_female_Asian_19,8869,/opt/ml/repo/level1_imageclassification_cv-level1-cv-06/T4064/dataset/train/images/003276_female_Asian_19/mask1.jpg,Wear,19,female,3,1
003277_female_Asian_19,8876,/opt/ml/repo/level1_imageclassification_cv-level1-cv-06/T4064/dataset/train/images/003277_female_Asian_19/mask1.jpg,Wear,19,female,3,4
003278_female_Asian_20,8884,/opt/ml/repo/level1_imageclassification_cv-level1-cv-06/T4064/dataset/train/images/003278_female_Asian_20/normal.jpg,Not Wear,20,female,15,16
003279_female_Asian_19,8890,/opt/ml/repo/level1_imageclassification_cv-level1-cv-06/T4064/dataset/train/images/003279_female_Asian_19/mask1.jpg,Wear,19,female,3,1
003282_female_Asian_19,8904,/opt/ml/repo/level1_imageclassification_cv-level1-cv-06/T4064/dataset/train/images/003282_female_Asian_19/mask1.jpg,Wear,19,female,3,1
003287_female_Asian_19,8925,/opt/ml/repo/level1_imageclassification_cv-level1-cv-06/T4064/dataset/train/images/003287_female_Asian_19/mask1.jpg,Wear,19,female,3,1
003288_female_Asian_20,8932,/opt/ml/repo/level1_imageclassification_cv-level1-cv-06/T4064/dataset/train/images/003288_female_Asian_20/mask1.jpg,Wear,20,female,3,1
003292_female_Asian_20,8953,/opt/ml/repo/level1_imageclassification_cv-level1-cv-06/T4064/dataset/train/images/003292_female_Asian_20/mask1.jpg,Wear,20,female,3,1
003294_female_Asian_19,8967,/opt/ml/repo/level1_imageclassification_cv-level1-cv-06/T4064/dataset/train/images/003294_female_Asian_19/mask1.jpg,Wear,19,female,3,1
003295_female_Asian_20,8974,/opt/ml/repo/level1_imageclassification_cv-level1-cv-06/T4064/dataset/train/images/003295_female_Asian_20/mask1.jpg,Wear,20,female,3,0
003296_female_Asian_19,8981,/opt/ml/repo/level1_imageclassification_cv-level1-cv-06/T4064/dataset/train/images/003296_female_Asian_19/mask1.jpg,Wear,19,female,3,1
003297_female_Asian_20,8988,/opt/ml/repo/level1_imageclassification_cv-level1-cv-06/T4064/dataset/train/images/003297_female_Asian_20/mask1.jpg,Wear,20,female,3,1
003305_female_Asian_19,9037,/opt/ml/repo/level1_imageclassification_cv-level1-cv-06/T4064/dataset/train/images/003305_female_Asian_19/mask1.jpg,Wear,19,female,3,0
003317_female_Asian_19,9100,/opt/ml/repo/level1_imageclassification_cv-level1-cv-06/T4064/dataset/train/images/003317_female_Asian_19/mask1.jpg,Wear,19,female,3,0
003347_female_Asian_20,9261,/opt/ml/repo/level1_imageclassification_cv-level1-cv-06/T4064/dataset/train/images/003347_female_Asian_20/mask1.jpg,Wear,20,female,3,4
003361_female_Asian_20,9352,/opt/ml/repo/level1_imageclassification_cv-level1-cv-06/T4064/dataset/train/images/003361_female_Asian_20/mask1.jpg,Wear,20,female,3,0
003365_female_Asian_19,9380,/opt/ml/repo/level1_imageclassification_cv-level1-cv-06/T4064/dataset/train/images/003365_female_Asian_19/mask1.jpg,Wear,19,female,3,0
003399_female_Asian_19,9583,/opt/ml/repo/level1_imageclassification_cv-level1-cv-06/T4064/dataset/train/images/003399_female_Asian_19/mask1.jpg,Wear,19,female,3,0
003437_female_Asian_30,9793,/opt/ml/repo/level1_imageclassification_cv-level1-cv-06/T4064/dataset/train/images/003437_female_Asian_30/mask1.jpg,Wear,30,female,4,0
003440_male_Asian_60,9807,/opt/ml/repo/level1_imageclassification_cv-level1-cv-06/T4064/dataset/train/images/003440_male_Asian_60/mask1.jpg,Wear,60,male,2,1
003442_female_Asian_60,9821,/opt/ml/repo/level1_imageclassification_cv-level1-cv-06/T4064/dataset/train/images/003442_female_Asian_60/mask1.jpg,Wear,60,female,5,4
003467_female_Asian_57,9912,/opt/ml/repo/level1_imageclassification_cv-level1-cv-06/T4064/dataset/train/images/003467_female_Asian_57/mask1.jpg,Wear,57,female,4,1
003469_female_Asian_55,9926,/opt/ml/repo/level1_imageclassification_cv-level1-cv-06/T4064/dataset/train/images/003469_female_Asian_55/mask1.jpg,Wear,55,female,4,1
003488_male_Asian_50,10010,/opt/ml/repo/level1_imageclassification_cv-level1-cv-06/T4064/dataset/train/images/003488_male_Asian_50/mask1.jpg,Wear,50,male,1,0
003502_male_Asian_41,10038,/opt/ml/repo/level1_imageclassification_cv-level1-cv-06/T4064/dataset/train/images/003502_male_Asian_41/mask1.jpg,Wear,41,male,1,3
003508-1_female_Asian_60,10087,/opt/ml/repo/level1_imageclassification_cv-level1-cv-06/T4064/dataset/train/images/003508-1_female_Asian_60/mask1.jpg,Wear,60,female,5,4
003511-1_male_Asian_54,10122,/opt/ml/repo/level1_imageclassification_cv-level1-cv-06/T4064/dataset/train/images/003511-1_male_Asian_54/mask1.jpg,Wear,54,male,1,0
003511_male_Asian_54,10115,/opt/ml/repo/level1_imageclassification_cv-level1-cv-06/T4064/dataset/train/images/003511_male_Asian_54/mask1.jpg,Wear,54,male,1,0
003512_male_Asian_53,10129,/opt/ml/repo/level1_imageclassification_cv-level1-cv-06/T4064/dataset/train/images/003512_male_Asian_53/mask1.jpg,Wear,53,male,1,4
003526_male_Asian_60,10213,/opt/ml/repo/level1_imageclassification_cv-level1-cv-06/T4064/dataset/train/images/003526_male_Asian_60/mask1.jpg,Wear,60,male,2,1
003528_male_Asian_60,10227,/opt/ml/repo/level1_imageclassification_cv-level1-cv-06/T4064/dataset/train/images/003528_male_Asian_60/mask1.jpg,Wear,60,male,2,1
003539_male_Asian_56,10304,/opt/ml/repo/level1_imageclassification_cv-level1-cv-06/T4064/dataset/train/images/003539_male_Asian_56/mask1.jpg,Wear,56,male,1,4
003545_male_Asian_54,10325,/opt/ml/repo/level1_imageclassification_cv-level1-cv-06/T4064/dataset/train/images/003545_male_Asian_54/mask1.jpg,Wear,54,male,1,3
003548_male_Asian_41,10339,/opt/ml/repo/level1_imageclassification_cv-level1-cv-06/T4064/dataset/train/images/003548_male_Asian_41/mask1.jpg,Wear,41,male,1,0
003551_female_Asian_34,10353,/opt/ml/repo/level1_imageclassification_cv-level1-cv-06/T4064/dataset/train/images/003551_female_Asian_34/mask1.jpg,Wear,34,female,4,3
003552_female_Asian_60,10360,/opt/ml/repo/level1_imageclassification_cv-level1-cv-06/T4064/dataset/train/images/003552_female_Asian_60/mask1.jpg,Wear,60,female,5,4
003560_male_Asian_55,10409,/opt/ml/repo/level1_imageclassification_cv-level1-cv-06/T4064/dataset/train/images/003560_male_Asian_55/mask1.jpg,Wear,55,male,1,3
003561_male_Asian_52,10416,/opt/ml/repo/level1_imageclassification_cv-level1-cv-06/T4064/dataset/train/images/003561_male_Asian_52/mask1.jpg,Wear,52,male,1,0
003563_male_Asian_60,10430,/opt/ml/repo/level1_imageclassification_cv-level1-cv-06/T4064/dataset/train/images/003563_male_Asian_60/mask1.jpg,Wear,60,male,2,3
003568_female_Asian_60,10465,/opt/ml/repo/level1_imageclassification_cv-level1-cv-06/T4064/dataset/train/images/003568_female_Asian_60/mask1.jpg,Wear,60,female,5,4
003569_female_Asian_60,10472,/opt/ml/repo/level1_imageclassification_cv-level1-cv-06/T4064/dataset/train/images/003569_female_Asian_60/mask1.jpg,Wear,60,female,5,4
003571_male_Asian_60,10486,/opt/ml/repo/level1_imageclassification_cv-level1-cv-06/T4064/dataset/train/images/003571_male_Asian_60/mask1.jpg,Wear,60,male,2,1
003573_male_Asian_58,10493,/opt/ml/repo/level1_imageclassification_cv-level1-cv-06/T4064/dataset/train/images/003573_male_Asian_58/mask1.jpg,Wear,58,male,1,0
003575_male_Asian_43,10507,/opt/ml/repo/level1_imageclassification_cv-level1-cv-06/T4064/dataset/train/images/003575_male_Asian_43/mask1.jpg,Wear,43,male,1,3
003577_male_Asian_60,10521,/opt/ml/repo/level1_imageclassification_cv-level1-cv-06/T4064/dataset/train/images/003577_male_Asian_60/mask1.jpg,Wear,60,male,2,1
003579_male_Asian_60,10535,/opt/ml/repo/level1_imageclassification_cv-level1-cv-06/T4064/dataset/train/images/003579_male_Asian_60/mask1.jpg,Wear,60,male,2,1
003583_female_Asian_60,10556,/opt/ml/repo/level1_imageclassification_cv-level1-cv-06/T4064/dataset/train/images/003583_female_Asian_60/mask1.jpg,Wear,60,female,5,4
003586_male_Asian_60,10563,/opt/ml/repo/level1_imageclassification_cv-level1-cv-06/T4064/dataset/train/images/003586_male_Asian_60/mask1.jpg,Wear,60,male,2,1
003595_male_Asian_50,10612,/opt/ml/repo/level1_imageclassification_cv-level1-cv-06/T4064/dataset/train/images/003595_male_Asian_50/mask1.jpg,Wear,50,male,1,4
003636_male_Asian_60,10703,/opt/ml/repo/level1_imageclassification_cv-level1-cv-06/T4064/dataset/train/images/003636_male_Asian_60/mask1.jpg,Wear,60,male,2,1
003639_male_Asian_60,10710,/opt/ml/repo/level1_imageclassification_cv-level1-cv-06/T4064/dataset/train/images/003639_male_Asian_60/mask1.jpg,Wear,60,male,2,3
003646_male_Asian_60,10731,/opt/ml/repo/level1_imageclassification_cv-level1-cv-06/T4064/dataset/train/images/003646_male_Asian_60/mask1.jpg,Wear,60,male,2,1
003664_male_Asian_60,10773,/opt/ml/repo/level1_imageclassification_cv-level1-cv-06/T4064/dataset/train/images/003664_male_Asian_60/mask1.jpg,Wear,60,male,2,4
003666_male_Asian_60,10780,/opt/ml/repo/level1_imageclassification_cv-level1-cv-06/T4064/dataset/train/images/003666_male_Asian_60/mask1.jpg,Wear,60,male,2,1
003672_male_Asian_58,10794,/opt/ml/repo/level1_imageclassification_cv-level1-cv-06/T4064/dataset/train/images/003672_male_Asian_58/mask1.jpg,Wear,58,male,1,4
003676_male_Asian_58,10801,/opt/ml/repo/level1_imageclassification_cv-level1-cv-06/T4064/dataset/train/images/003676_male_Asian_58/mask1.jpg,Wear,58,male,1,4
003680_male_Asian_59,10808,/opt/ml/repo/level1_imageclassification_cv-level1-cv-06/T4064/dataset/train/images/003680_male_Asian_59/mask1.jpg,Wear,59,male,1,3
003699_male_Asian_41,10836,/opt/ml/repo/level1_imageclassification_cv-level1-cv-06/T4064/dataset/train/images/003699_male_Asian_41/mask1.jpg,Wear,41,male,1,0
003701_male_Asian_60,10843,/opt/ml/repo/level1_imageclassification_cv-level1-cv-06/T4064/dataset/train/images/003701_male_Asian_60/mask1.jpg,Wear,60,male,2,3
003710_female_Asian_60,10899,/opt/ml/repo/level1_imageclassification_cv-level1-cv-06/T4064/dataset/train/images/003710_female_Asian_60/mask1.jpg,Wear,60,female,5,4
003718_female_Asian_60,10948,/opt/ml/repo/level1_imageclassification_cv-level1-cv-06/T4064/dataset/train/images/003718_female_Asian_60/mask1.jpg,Wear,60,female,5,4
003720_male_Asian_54,10962,/opt/ml/repo/level1_imageclassification_cv-level1-cv-06/T4064/dataset/train/images/003720_male_Asian_54/mask1.jpg,Wear,54,male,1,4
003721_female_Asian_60,10969,/opt/ml/repo/level1_imageclassification_cv-level1-cv-06/T4064/dataset/train/images/003721_female_Asian_60/mask1.jpg,Wear,60,female,5,4
003729_female_Asian_60,11025,/opt/ml/repo/level1_imageclassification_cv-level1-cv-06/T4064/dataset/train/images/003729_female_Asian_60/mask1.jpg,Wear,60,female,5,4
003735_male_Asian_60,11053,/opt/ml/repo/level1_imageclassification_cv-level1-cv-06/T4064/dataset/train/images/003735_male_Asian_60/mask1.jpg,Wear,60,male,2,1
003736_female_Asian_60,11060,/opt/ml/repo/level1_imageclassification_cv-level1-cv-06/T4064/dataset/train/images/003736_female_Asian_60/mask1.jpg,Wear,60,female,5,0
003764_female_Asian_49,11214,/opt/ml/repo/level1_imageclassification_cv-level1-cv-06/T4064/dataset/train/images/003764_female_Asian_49/mask1.jpg,Wear,49,female,4,3
003766_male_Asian_38,11228,/opt/ml/repo/level1_imageclassification_cv-level1-cv-06/T4064/dataset/train/images/003766_male_Asian_38/mask1.jpg,Wear,38,male,1,0
003774_female_Asian_30,11277,/opt/ml/repo/level1_imageclassification_cv-level1-cv-06/T4064/dataset/train/images/003774_female_Asian_30/mask1.jpg,Wear,30,female,4,3
003783_female_Asian_40,11320,/opt/ml/repo/level1_imageclassification_cv-level1-cv-06/T4064/dataset/train/images/003783_female_Asian_40/normal.jpg,Not Wear,40,female,16,15
003786_female_Asian_45,11340,/opt/ml/repo/level1_imageclassification_cv-level1-cv-06/T4064/dataset/train/images/003786_female_Asian_45/mask1.jpg,Wear,45,female,4,3
003789_male_Asian_41,11354,/opt/ml/repo/level1_imageclassification_cv-level1-cv-06/T4064/dataset/train/images/003789_male_Asian_41/mask1.jpg,Wear,41,male,1,0
003792_male_Asian_30,11375,/opt/ml/repo/level1_imageclassification_cv-level1-cv-06/T4064/dataset/train/images/003792_male_Asian_30/mask1.jpg,Wear,30,male,1,0
003808_male_Asian_50,11473,/opt/ml/repo/level1_imageclassification_cv-level1-cv-06/T4064/dataset/train/images/003808_male_Asian_50/mask1.jpg,Wear,50,male,1,0
003811_male_Asian_60,11487,/opt/ml/repo/level1_imageclassification_cv-level1-cv-06/T4064/dataset/train/images/003811_male_Asian_60/mask1.jpg,Wear,60,male,2,1
003821_male_Asian_38,11543,/opt/ml/repo/level1_imageclassification_cv-level1-cv-06/T4064/dataset/train/images/003821_male_Asian_38/mask1.jpg,Wear,38,male,1,3
003824_female_Asian_36,11557,/opt/ml/repo/level1_imageclassification_cv-level1-cv-06/T4064/dataset/train/images/003824_female_Asian_36/mask1.jpg,Wear,36,female,4,3
003825_female_Asian_51,11564,/opt/ml/repo/level1_imageclassification_cv-level1-cv-06/T4064/dataset/train/images/003825_female_Asian_51/mask1.jpg,Wear,51,female,4,3
003827_female_Asian_60,11571,/opt/ml/repo/level1_imageclassification_cv-level1-cv-06/T4064/dataset/train/images/003827_female_Asian_60/mask1.jpg,Wear,60,female,5,3
003834_female_Asian_58,11606,/opt/ml/repo/level1_imageclassification_cv-level1-cv-06/T4064/dataset/train/images/003834_female_Asian_58/mask1.jpg,Wear,58,female,4,5
003837_male_Asian_60,11620,/opt/ml/repo/level1_imageclassification_cv-level1-cv-06/T4064/dataset/train/images/003837_male_Asian_60/mask1.jpg,Wear,60,male,2,1
003859_male_Asian_60,11747,/opt/ml/repo/level1_imageclassification_cv-level1-cv-06/T4064/dataset/train/images/003859_male_Asian_60/normal.jpg,Not Wear,60,male,14,13
003874_male_Asian_60,11816,/opt/ml/repo/level1_imageclassification_cv-level1-cv-06/T4064/dataset/train/images/003874_male_Asian_60/mask1.jpg,Wear,60,male,2,1
003882_female_Asian_36,11865,/opt/ml/repo/level1_imageclassification_cv-level1-cv-06/T4064/dataset/train/images/003882_female_Asian_36/mask1.jpg,Wear,36,female,4,3
003889_female_Asian_35,11900,/opt/ml/repo/level1_imageclassification_cv-level1-cv-06/T4064/dataset/train/images/003889_female_Asian_35/mask1.jpg,Wear,35,female,4,3
003892_female_Asian_42,11921,/opt/ml/repo/level1_imageclassification_cv-level1-cv-06/T4064/dataset/train/images/003892_female_Asian_42/mask1.jpg,Wear,42,female,4,3
003893_female_Asian_46,11928,/opt/ml/repo/level1_imageclassification_cv-level1-cv-06/T4064/dataset/train/images/003893_female_Asian_46/mask1.jpg,Wear,46,female,4,3
003938_male_Asian_43,11977,/opt/ml/repo/level1_imageclassification_cv-level1-cv-06/T4064/dataset/train/images/003938_male_Asian_43/mask1.jpg,Wear,43,male,1,0
003981_male_Asian_60,12026,/opt/ml/repo/level1_imageclassification_cv-level1-cv-06/T4064/dataset/train/images/003981_male_Asian_60/mask1.jpg,Wear,60,male,2,1
003990_male_Asian_43,12041,/opt/ml/repo/level1_imageclassification_cv-level1-cv-06/T4064/dataset/train/images/003990_male_Asian_43/normal.jpg,Not Wear,43,male,13,12
004079_male_Asian_53,12159,/opt/ml/repo/level1_imageclassification_cv-level1-cv-06/T4064/dataset/train/images/004079_male_Asian_53/mask1.jpg,Wear,53,male,1,0
004080_female_Asian_60,12166,/opt/ml/repo/level1_imageclassification_cv-level1-cv-06/T4064/dataset/train/images/004080_female_Asian_60/mask1.jpg,Wear,60,female,5,4
004081_female_Asian_60,12173,/opt/ml/repo/level1_imageclassification_cv-level1-cv-06/T4064/dataset/train/images/004081_female_Asian_60/mask1.jpg,Wear,60,female,5,4
004083_female_Asian_60,12187,/opt/ml/repo/level1_imageclassification_cv-level1-cv-06/T4064/dataset/train/images/004083_female_Asian_60/mask1.jpg,Wear,60,female,5,4
004085_female_Asian_60,12194,/opt/ml/repo/level1_imageclassification_cv-level1-cv-06/T4064/dataset/train/images/004085_female_Asian_60/mask1.jpg,Wear,60,female,5,4
004088_female_Asian_60,12215,/opt/ml/repo/level1_imageclassification_cv-level1-cv-06/T4064/dataset/train/images/004088_female_Asian_60/mask1.jpg,Wear,60,female,5,4
004089_female_Asian_60,12222,/opt/ml/repo/level1_imageclassification_cv-level1-cv-06/T4064/dataset/train/images/004089_female_Asian_60/mask1.jpg,Wear,60,female,5,4
004094_male_Asian_60,12243,/opt/ml/repo/level1_imageclassification_cv-level1-cv-06/T4064/dataset/train/images/004094_male_Asian_60/mask1.jpg,Wear,60,male,2,1
004096_male_Asian_60,12250,/opt/ml/repo/level1_imageclassification_cv-level1-cv-06/T4064/dataset/train/images/004096_male_Asian_60/mask1.jpg,Wear,60,male,2,1
004209_male_Asian_60,12348,/opt/ml/repo/level1_imageclassification_cv-level1-cv-06/T4064/dataset/train/images/004209_male_Asian_60/mask1.jpg,Wear,60,male,2,1
004213_female_Asian_60,12369,/opt/ml/repo/level1_imageclassification_cv-level1-cv-06/T4064/dataset/train/images/004213_female_Asian_60/mask1.jpg,Wear,60,female,5,4
004215_female_Asian_60,12383,/opt/ml/repo/level1_imageclassification_cv-level1-cv-06/T4064/dataset/train/images/004215_female_Asian_60/mask1.jpg,Wear,60,female,5,4
004218_female_Asian_60,12404,/opt/ml/repo/level1_imageclassification_cv-level1-cv-06/T4064/dataset/train/images/004218_female_Asian_60/mask1.jpg,Wear,60,female,5,4
004219_male_Asian_60,12411,/opt/ml/repo/level1_imageclassification_cv-level1-cv-06/T4064/dataset/train/images/004219_male_Asian_60/mask1.jpg,Wear,60,male,2,1
004226_female_Asian_60,12439,/opt/ml/repo/level1_imageclassification_cv-level1-cv-06/T4064/dataset/train/images/004226_female_Asian_60/mask1.jpg,Wear,60,female,5,4
004231_female_Asian_60,12460,/opt/ml/repo/level1_imageclassification_cv-level1-cv-06/T4064/dataset/train/images/004231_female_Asian_60/mask1.jpg,Wear,60,female,5,4
004232_female_Asian_60,12467,/opt/ml/repo/level1_imageclassification_cv-level1-cv-06/T4064/dataset/train/images/004232_female_Asian_60/mask1.jpg,Wear,60,female,5,4
004236_male_Asian_60,12481,/opt/ml/repo/level1_imageclassification_cv-level1-cv-06/T4064/dataset/train/images/004236_male_Asian_60/mask1.jpg,Wear,60,male,2,1
004244_female_Asian_60,12516,/opt/ml/repo/level1_imageclassification_cv-level1-cv-06/T4064/dataset/train/images/004244_female_Asian_60/mask1.jpg,Wear,60,female,5,4
004248_female_Asian_38,12544,/opt/ml/repo/level1_imageclassification_cv-level1-cv-06/T4064/dataset/train/images/004248_female_Asian_38/mask1.jpg,Wear,38,female,4,3
004249_male_Asian_60,12551,/opt/ml/repo/level1_imageclassification_cv-level1-cv-06/T4064/dataset/train/images/004249_male_Asian_60/mask1.jpg,Wear,60,male,2,0
004251_female_Asian_55,12565,/opt/ml/repo/level1_imageclassification_cv-level1-cv-06/T4064/dataset/train/images/004251_female_Asian_55/mask1.jpg,Wear,55,female,4,3
004252_male_Asian_60,12572,/opt/ml/repo/level1_imageclassification_cv-level1-cv-06/T4064/dataset/train/images/004252_male_Asian_60/mask1.jpg,Wear,60,male,2,1
004254_female_Asian_53,12579,/opt/ml/repo/level1_imageclassification_cv-level1-cv-06/T4064/dataset/train/images/004254_female_Asian_53/mask1.jpg,Wear,53,female,4,3
004259_male_Asian_60,12600,/opt/ml/repo/level1_imageclassification_cv-level1-cv-06/T4064/dataset/train/images/004259_male_Asian_60/mask1.jpg,Wear,60,male,2,1
004260_female_Asian_60,12608,/opt/ml/repo/level1_imageclassification_cv-level1-cv-06/T4064/dataset/train/images/004260_female_Asian_60/normal.jpg,Not Wear,60,female,17,16
004266_female_Asian_60,12642,/opt/ml/repo/level1_imageclassification_cv-level1-cv-06/T4064/dataset/train/images/004266_female_Asian_60/mask1.jpg,Wear,60,female,5,4
004276_female_Asian_60,12684,/opt/ml/repo/level1_imageclassification_cv-level1-cv-06/T4064/dataset/train/images/004276_female_Asian_60/mask1.jpg,Wear,60,female,5,4
004278_female_Asian_55,12698,/opt/ml/repo/level1_imageclassification_cv-level1-cv-06/T4064/dataset/train/images/004278_female_Asian_55/mask1.jpg,Wear,55,female,4,3
004282_male_Asian_60,12726,/opt/ml/repo/level1_imageclassification_cv-level1-cv-06/T4064/dataset/train/images/004282_male_Asian_60/mask1.jpg,Wear,60,male,2,1
004283_male_Asian_60,12733,/opt/ml/repo/level1_imageclassification_cv-level1-cv-06/T4064/dataset/train/images/004283_male_Asian_60/mask1.jpg,Wear,60,male,2,1
004284_male_Asian_60,12740,/opt/ml/repo/level1_imageclassification_cv-level1-cv-06/T4064/dataset/train/images/004284_male_Asian_60/mask1.jpg,Wear,60,male,2,1
004286_male_Asian_60,12754,/opt/ml/repo/level1_imageclassification_cv-level1-cv-06/T4064/dataset/train/images/004286_male_Asian_60/mask1.jpg,Wear,60,male,2,1
004287_female_Asian_60,12761,/opt/ml/repo/level1_imageclassification_cv-level1-cv-06/T4064/dataset/train/images/004287_female_Asian_60/mask1.jpg,Wear,60,female,5,4
004288_female_Asian_60,12768,/opt/ml/repo/level1_imageclassification_cv-level1-cv-06/T4064/dataset/train/images/004288_female_Asian_60/mask1.jpg,Wear,60,female,5,1
004289_male_Asian_60,12775,/opt/ml/repo/level1_imageclassification_cv-level1-cv-06/T4064/dataset/train/images/004289_male_Asian_60/mask1.jpg,Wear,60,male,2,1
004290_female_Asian_60,12782,/opt/ml/repo/level1_imageclassification_cv-level1-cv-06/T4064/dataset/train/images/004290_female_Asian_60/mask1.jpg,Wear,60,female,5,4
004291_female_Asian_60,12790,/opt/ml/repo/level1_imageclassification_cv-level1-cv-06/T4064/dataset/train/images/004291_female_Asian_60/normal.jpg,Not Wear,60,female,17,16
004311_female_Asian_55,12838,/opt/ml/repo/level1_imageclassification_cv-level1-cv-06/T4064/dataset/train/images/004311_female_Asian_55/mask1.jpg,Wear,55,female,4,3
004312_female_Asian_60,12845,/opt/ml/repo/level1_imageclassification_cv-level1-cv-06/T4064/dataset/train/images/004312_female_Asian_60/mask1.jpg,Wear,60,female,5,4
004314_male_Asian_60,12859,/opt/ml/repo/level1_imageclassification_cv-level1-cv-06/T4064/dataset/train/images/004314_male_Asian_60/mask1.jpg,Wear,60,male,2,1
004317_male_Asian_60,12866,/opt/ml/repo/level1_imageclassification_cv-level1-cv-06/T4064/dataset/train/images/004317_male_Asian_60/mask1.jpg,Wear,60,male,2,1
004322_female_Asian_60,12908,/opt/ml/repo/level1_imageclassification_cv-level1-cv-06/T4064/dataset/train/images/004322_female_Asian_60/mask1.jpg,Wear,60,female,5,4
004324_female_Asian_60,12922,/opt/ml/repo/level1_imageclassification_cv-level1-cv-06/T4064/dataset/train/images/004324_female_Asian_60/mask1.jpg,Wear,60,female,5,4
004325_female_Asian_42,12930,/opt/ml/repo/level1_imageclassification_cv-level1-cv-06/T4064/dataset/train/images/004325_female_Asian_42/normal.jpg,Not Wear,42,female,16,15
004329_female_Asian_56,12943,/opt/ml/repo/level1_imageclassification_cv-level1-cv-06/T4064/dataset/train/images/004329_female_Asian_56/mask1.jpg,Wear,56,female,4,3
004331_female_Asian_48,12950,/opt/ml/repo/level1_imageclassification_cv-level1-cv-06/T4064/dataset/train/images/004331_female_Asian_48/mask1.jpg,Wear,48,female,4,3
004336_male_Asian_35,12971,/opt/ml/repo/level1_imageclassification_cv-level1-cv-06/T4064/dataset/train/images/004336_male_Asian_35/mask1.jpg,Wear,35,male,1,0
004342_male_Asian_58,12992,/opt/ml/repo/level1_imageclassification_cv-level1-cv-06/T4064/dataset/train/images/004342_male_Asian_58/mask1.jpg,Wear,58,male,1,0
004348_male_Asian_59,13020,/opt/ml/repo/level1_imageclassification_cv-level1-cv-06/T4064/dataset/train/images/004348_male_Asian_59/mask1.jpg,Wear,59,male,1,2
004353_male_Asian_60,13034,/opt/ml/repo/level1_imageclassification_cv-level1-cv-06/T4064/dataset/train/images/004353_male_Asian_60/mask1.jpg,Wear,60,male,2,1
004356_female_Asian_60,13055,/opt/ml/repo/level1_imageclassification_cv-level1-cv-06/T4064/dataset/train/images/004356_female_Asian_60/mask1.jpg,Wear,60,female,5,4
004389_female_Asian_36,13203,/opt/ml/repo/level1_imageclassification_cv-level1-cv-06/T4064/dataset/train/images/004389_female_Asian_36/normal.jpg,Not Wear,36,female,16,15
004432_male_Asian_43,13384,/opt/ml/repo/level1_imageclassification_cv-level1-cv-06/T4064/dataset/train/images/004432_male_Asian_43/mask1.jpg,Wear,43,male,1,3
004456_female_Asian_60,13503,/opt/ml/repo/level1_imageclassification_cv-level1-cv-06/T4064/dataset/train/images/004456_female_Asian_60/mask1.jpg,Wear,60,female,5,4
004463_female_Asian_60,13545,/opt/ml/repo/level1_imageclassification_cv-level1-cv-06/T4064/dataset/train/images/004463_female_Asian_60/mask1.jpg,Wear,60,female,5,4
004466_male_Asian_60,13559,/opt/ml/repo/level1_imageclassification_cv-level1-cv-06/T4064/dataset/train/images/004466_male_Asian_60/mask1.jpg,Wear,60,male,2,1
004478_female_Asian_60,13629,/opt/ml/repo/level1_imageclassification_cv-level1-cv-06/T4064/dataset/train/images/004478_female_Asian_60/mask1.jpg,Wear,60,female,5,4
005004_female_Asian_30,13741,/opt/ml/repo/level1_imageclassification_cv-level1-cv-06/T4064/dataset/train/images/005004_female_Asian_30/mask1.jpg,Wear,30,female,4,3
005025_female_Asian_60,13860,/opt/ml/repo/level1_imageclassification_cv-level1-cv-06/T4064/dataset/train/images/005025_female_Asian_60/mask1.jpg,Wear,60,female,5,4
005033_male_Asian_60,13916,/opt/ml/repo/level1_imageclassification_cv-level1-cv-06/T4064/dataset/train/images/005033_male_Asian_60/mask1.jpg,Wear,60,male,2,1
005040_male_Asian_30,13951,/opt/ml/repo/level1_imageclassification_cv-level1-cv-06/T4064/dataset/train/images/005040_male_Asian_30/mask1.jpg,Wear,30,male,1,0
005145_female_Asian_30,14350,/opt/ml/repo/level1_imageclassification_cv-level1-cv-06/T4064/dataset/train/images/005145_female_Asian_30/mask1.jpg,Wear,30,female,4,3
005221_male_Asian_21,14441,/opt/ml/repo/level1_imageclassification_cv-level1-cv-06/T4064/dataset/train/images/005221_male_Asian_21/mask1.jpg,Wear,21,male,0,4
005223_male_Asian_22,14448,/opt/ml/repo/level1_imageclassification_cv-level1-cv-06/T4064/dataset/train/images/005223_male_Asian_22/mask1.jpg,Wear,22,male,0,3
005227_male_Asian_22,14476,/opt/ml/repo/level1_imageclassification_cv-level1-cv-06/T4064/dataset/train/images/005227_male_Asian_22/mask1.jpg,Wear,22,male,0,4
005254_male_Asian_21,14609,/opt/ml/repo/level1_imageclassification_cv-level1-cv-06/T4064/dataset/train/images/005254_male_Asian_21/mask1.jpg,Wear,21,male,0,3
005276_male_Asian_24,14756,/opt/ml/repo/level1_imageclassification_cv-level1-cv-06/T4064/dataset/train/images/005276_male_Asian_24/mask1.jpg,Wear,24,male,0,3
005405_female_Asian_20,14889,/opt/ml/repo/level1_imageclassification_cv-level1-cv-06/T4064/dataset/train/images/005405_female_Asian_20/mask1.jpg,Wear,20,female,3,4
005412_female_Asian_60,14938,/opt/ml/repo/level1_imageclassification_cv-level1-cv-06/T4064/dataset/train/images/005412_female_Asian_60/mask1.jpg,Wear,60,female,5,4
005418_male_Asian_60,14973,/opt/ml/repo/level1_imageclassification_cv-level1-cv-06/T4064/dataset/train/images/005418_male_Asian_60/mask1.jpg,Wear,60,male,2,1
005446_female_Asian_60,15127,/opt/ml/repo/level1_imageclassification_cv-level1-cv-06/T4064/dataset/train/images/005446_female_Asian_60/mask1.jpg,Wear,60,female,5,4
005451_male_Asian_32,15162,/opt/ml/repo/level1_imageclassification_cv-level1-cv-06/T4064/dataset/train/images/005451_male_Asian_32/mask1.jpg,Wear,32,male,1,0
005453_female_Asian_60,15176,/opt/ml/repo/level1_imageclassification_cv-level1-cv-06/T4064/dataset/train/images/005453_female_Asian_60/mask1.jpg,Wear,60,female,5,4
005457_female_Asian_36,15197,/opt/ml/repo/level1_imageclassification_cv-level1-cv-06/T4064/dataset/train/images/005457_female_Asian_36/mask1.jpg,Wear,36,female,4,3
005504_female_Asian_60,15463,/opt/ml/repo/level1_imageclassification_cv-level1-cv-06/T4064/dataset/train/images/005504_female_Asian_60/mask1.jpg,Wear,60,female,5,4
005515_female_Asian_60,15519,/opt/ml/repo/level1_imageclassification_cv-level1-cv-06/T4064/dataset/train/images/005515_female_Asian_60/mask1.jpg,Wear,60,female,5,4
006101_male_Asian_19,16009,/opt/ml/repo/level1_imageclassification_cv-level1-cv-06/T4064/dataset/train/images/006101_male_Asian_19/mask1.jpg,Wear,19,male,0,1
006104_male_Asian_18,16023,/opt/ml/repo/level1_imageclassification_cv-level1-cv-06/T4064/dataset/train/images/006104_male_Asian_18/mask1.jpg,Wear,18,male,0,1
006105_male_Asian_18,16030,/opt/ml/repo/level1_imageclassification_cv-level1-cv-06/T4064/dataset/train/images/006105_male_Asian_18/mask1.jpg,Wear,18,male,0,4
006107_male_Asian_18,16044,/opt/ml/repo/level1_imageclassification_cv-level1-cv-06/T4064/dataset/train/images/006107_male_Asian_18/mask1.jpg,Wear,18,male,0,4
006128_male_Asian_20,16065,/opt/ml/repo/level1_imageclassification_cv-level1-cv-06/T4064/dataset/train/images/006128_male_Asian_20/mask1.png,Wear,20,male,0,4
006131_male_Asian_20,16079,/opt/ml/repo/level1_imageclassification_cv-level1-cv-06/T4064/dataset/train/images/006131_male_Asian_20/mask1.png,Wear,20,male,0,4
006139_male_Asian_19,16128,/opt/ml/repo/level1_imageclassification_cv-level1-cv-06/T4064/dataset/train/images/006139_male_Asian_19/mask1.png,Wear,19,male,0,3
006150_male_Asian_20,16184,/opt/ml/repo/level1_imageclassification_cv-level1-cv-06/T4064/dataset/train/images/006150_male_Asian_20/mask1.png,Wear,20,male,0,1
006206_male_Asian_19,16352,/opt/ml/repo/level1_imageclassification_cv-level1-cv-06/T4064/dataset/train/images/006206_male_Asian_19/mask1.png,Wear,19,male,0,1
006210_male_Asian_19,16366,/opt/ml/repo/level1_imageclassification_cv-level1-cv-06/T4064/dataset/train/images/006210_male_Asian_19/mask1.jpg,Wear,19,male,0,1
006212_male_Asian_19,16380,/opt/ml/repo/level1_imageclassification_cv-level1-cv-06/T4064/dataset/train/images/006212_male_Asian_19/mask1.jpg,Wear,19,male,0,1
006213_male_Asian_19,16387,/opt/ml/repo/level1_imageclassification_cv-level1-cv-06/T4064/dataset/train/images/006213_male_Asian_19/mask1.jpg,Wear,19,male,0,4
006214_male_Asian_19,16394,/opt/ml/repo/level1_imageclassification_cv-level1-cv-06/T4064/dataset/train/images/006214_male_Asian_19/mask1.jpg,Wear,19,male,0,1
006220_male_Asian_18,16429,/opt/ml/repo/level1_imageclassification_cv-level1-cv-06/T4064/dataset/train/images/006220_male_Asian_18/mask1.jpg,Wear,18,male,0,4
006222_male_Asian_19,16443,/opt/ml/repo/level1_imageclassification_cv-level1-cv-06/T4064/dataset/train/images/006222_male_Asian_19/mask1.jpg,Wear,19,male,0,4
006223_male_Asian_20,16450,/opt/ml/repo/level1_imageclassification_cv-level1-cv-06/T4064/dataset/train/images/006223_male_Asian_20/mask1.png,Wear,20,male,0,1
006225_male_Asian_19,16464,/opt/ml/repo/level1_imageclassification_cv-level1-cv-06/T4064/dataset/train/images/006225_male_Asian_19/mask1.jpg,Wear,19,male,0,1
006226_male_Asian_19,16471,/opt/ml/repo/level1_imageclassification_cv-level1-cv-06/T4064/dataset/train/images/006226_male_Asian_19/mask1.jpg,Wear,19,male,0,4
006230_male_Asian_19,16492,/opt/ml/repo/level1_imageclassification_cv-level1-cv-06/T4064/dataset/train/images/006230_male_Asian_19/mask1.jpg,Wear,19,male,0,4
006237_male_Asian_19,16534,/opt/ml/repo/level1_imageclassification_cv-level1-cv-06/T4064/dataset/train/images/006237_male_Asian_19/mask1.jpg,Wear,19,male,0,4
006248_male_Asian_20,16590,/opt/ml/repo/level1_imageclassification_cv-level1-cv-06/T4064/dataset/train/images/006248_male_Asian_20/mask1.png,Wear,20,male,0,1
006339_female_Asian_18,16674,/opt/ml/repo/level1_imageclassification_cv-level1-cv-06/T4064/dataset/train/images/006339_female_Asian_18/mask1.jpg,Wear,18,female,3,5
006353_female_Asian_18,16758,/opt/ml/repo/level1_imageclassification_cv-level1-cv-06/T4064/dataset/train/images/006353_female_Asian_18/mask1.jpg,Wear,18,female,3,4
006359_female_Asian_18,16793,/opt/ml/repo/level1_imageclassification_cv-level1-cv-06/T4064/dataset/train/images/006359_female_Asian_18/mask1.jpg,Wear,18,female,3,0
006360_female_Asian_18,16800,/opt/ml/repo/level1_imageclassification_cv-level1-cv-06/T4064/dataset/train/images/006360_female_Asian_18/mask1.jpg,Wear,18,female,3,0
006362_female_Asian_18,16814,/opt/ml/repo/level1_imageclassification_cv-level1-cv-06/T4064/dataset/train/images/006362_female_Asian_18/mask1.jpg,Wear,18,female,3,1
006363_female_Asian_18,16821,/opt/ml/repo/level1_imageclassification_cv-level1-cv-06/T4064/dataset/train/images/006363_female_Asian_18/mask1.jpg,Wear,18,female,3,1
006364_female_Asian_18,16828,/opt/ml/repo/level1_imageclassification_cv-level1-cv-06/T4064/dataset/train/images/006364_female_Asian_18/mask1.jpg,Wear,18,female,3,4
006369_male_Asian_19,16863,/opt/ml/repo/level1_imageclassification_cv-level1-cv-06/T4064/dataset/train/images/006369_male_Asian_19/mask1.jpg,Wear,19,male,0,4
006372_male_Asian_19,16877,/opt/ml/repo/level1_imageclassification_cv-level1-cv-06/T4064/dataset/train/images/006372_male_Asian_19/mask1.jpg,Wear,19,male,0,4
006373_male_Asian_19,16884,/opt/ml/repo/level1_imageclassification_cv-level1-cv-06/T4064/dataset/train/images/006373_male_Asian_19/mask1.jpg,Wear,19,male,0,4
006375_male_Asian_19,16891,/opt/ml/repo/level1_imageclassification_cv-level1-cv-06/T4064/dataset/train/images/006375_male_Asian_19/mask1.jpg,Wear,19,male,0,4
006379_male_Asian_19,16905,/opt/ml/repo/level1_imageclassification_cv-level1-cv-06/T4064/dataset/train/images/006379_male_Asian_19/mask1.jpg,Wear,19,male,0,1
006381_male_Asian_19,16919,/opt/ml/repo/level1_imageclassification_cv-level1-cv-06/T4064/dataset/train/images/006381_male_Asian_19/mask1.jpg,Wear,19,male,0,4
006387_male_Asian_19,16961,/opt/ml/repo/level1_imageclassification_cv-level1-cv-06/T4064/dataset/train/images/006387_male_Asian_19/mask1.jpg,Wear,19,male,0,4
006389_male_Asian_19,16968,/opt/ml/repo/level1_imageclassification_cv-level1-cv-06/T4064/dataset/train/images/006389_male_Asian_19/mask1.jpg,Wear,19,male,0,4
006393_male_Asian_19,16982,/opt/ml/repo/level1_imageclassification_cv-level1-cv-06/T4064/dataset/train/images/006393_male_Asian_19/mask1.jpg,Wear,19,male,0,1
006395_male_Asian_19,16989,/opt/ml/repo/level1_imageclassification_cv-level1-cv-06/T4064/dataset/train/images/006395_male_Asian_19/mask1.jpg,Wear,19,male,0,4
006415_female_Asian_18,17115,/opt/ml/repo/level1_imageclassification_cv-level1-cv-06/T4064/dataset/train/images/006415_female_Asian_18/mask1.jpg,Wear,18,female,3,0
006421_female_Asian_18,17150,/opt/ml/repo/level1_imageclassification_cv-level1-cv-06/T4064/dataset/train/images/006421_female_Asian_18/mask1.jpg,Wear,18,female,3,1
006424_female_Asian_18,17171,/opt/ml/repo/level1_imageclassification_cv-level1-cv-06/T4064/dataset/train/images/006424_female_Asian_18/mask1.jpg,Wear,18,female,3,1
006426_female_Asian_18,17185,/opt/ml/repo/level1_imageclassification_cv-level1-cv-06/T4064/dataset/train/images/006426_female_Asian_18/mask1.jpg,Wear,18,female,3,4
006428_female_Asian_18,17199,/opt/ml/repo/level1_imageclassification_cv-level1-cv-06/T4064/dataset/train/images/006428_female_Asian_18/mask1.jpg,Wear,18,female,3,4
006429_female_Asian_18,17206,/opt/ml/repo/level1_imageclassification_cv-level1-cv-06/T4064/dataset/train/images/006429_female_Asian_18/mask1.jpg,Wear,18,female,3,4
006438_female_Asian_18,17255,/opt/ml/repo/level1_imageclassification_cv-level1-cv-06/T4064/dataset/train/images/006438_female_Asian_18/mask1.jpg,Wear,18,female,3,4
006442_female_Asian_18,17283,/opt/ml/repo/level1_imageclassification_cv-level1-cv-06/T4064/dataset/train/images/006442_female_Asian_18/mask1.jpg,Wear,18,female,3,4
006451_female_Asian_18,17339,/opt/ml/repo/level1_imageclassification_cv-level1-cv-06/T4064/dataset/train/images/006451_female_Asian_18/mask1.jpg,Wear,18,female,3,4
006454_female_Asian_18,17353,/opt/ml/repo/level1_imageclassification_cv-level1-cv-06/T4064/dataset/train/images/006454_female_Asian_18/mask1.jpg,Wear,18,female,3,4
006460_female_Asian_18,17374,/opt/ml/repo/level1_imageclassification_cv-level1-cv-06/T4064/dataset/train/images/006460_female_Asian_18/mask1.jpg,Wear,18,female,3,0
006467_female_Asian_18,17416,/opt/ml/repo/level1_imageclassification_cv-level1-cv-06/T4064/dataset/train/images/006467_female_Asian_18/mask1.jpg,Wear,18,female,3,4
006468_female_Asian_18,17423,/opt/ml/repo/level1_imageclassification_cv-level1-cv-06/T4064/dataset/train/images/006468_female_Asian_18/mask1.jpg,Wear,18,female,3,4
006470_female_Asian_18,17437,/opt/ml/repo/level1_imageclassification_cv-level1-cv-06/T4064/dataset/train/images/006470_female_Asian_18/mask1.jpg,Wear,18,female,3,1
006471_female_Asian_18,17444,/opt/ml/repo/level1_imageclassification_cv-level1-cv-06/T4064/dataset/train/images/006471_female_Asian_18/mask1.jpg,Wear,18,female,3,4
006479_female_Asian_18,17493,/opt/ml/repo/level1_imageclassification_cv-level1-cv-06/T4064/dataset/train/images/006479_female_Asian_18/mask1.jpg,Wear,18,female,3,4
006482_female_Asian_18,17507,/opt/ml/repo/level1_imageclassification_cv-level1-cv-06/T4064/dataset/train/images/006482_female_Asian_18/mask1.jpg,Wear,18,female,3,4
006486_female_Asian_18,17535,/opt/ml/repo/level1_imageclassification_cv-level1-cv-06/T4064/dataset/train/images/006486_female_Asian_18/mask1.jpg,Wear,18,female,3,5
006488_female_Asian_18,17549,/opt/ml/repo/level1_imageclassification_cv-level1-cv-06/T4064/dataset/train/images/006488_female_Asian_18/mask1.jpg,Wear,18,female,3,4
006493_female_Asian_18,17570,/opt/ml/repo/level1_imageclassification_cv-level1-cv-06/T4064/dataset/train/images/006493_female_Asian_18/mask1.jpg,Wear,18,female,3,1
006494_female_Asian_18,17577,/opt/ml/repo/level1_imageclassification_cv-level1-cv-06/T4064/dataset/train/images/006494_female_Asian_18/mask1.jpg,Wear,18,female,3,4
006503_female_Asian_28,17626,/opt/ml/repo/level1_imageclassification_cv-level1-cv-06/T4064/dataset/train/images/006503_female_Asian_28/mask4.jpeg,Wear,28,female,3,4
006504_female_Asian_20,17633,/opt/ml/repo/level1_imageclassification_cv-level1-cv-06/T4064/dataset/train/images/006504_female_Asian_20/mask4.jpeg,Wear,20,female,3,0
006520_female_Asian_19,17689,/opt/ml/repo/level1_imageclassification_cv-level1-cv-06/T4064/dataset/train/images/006520_female_Asian_19/mask4.jpeg,Wear,19,female,3,4
006522_female_Asian_19,17696,/opt/ml/repo/level1_imageclassification_cv-level1-cv-06/T4064/dataset/train/images/006522_female_Asian_19/mask4.jpeg,Wear,19,female,3,4
006523_female_Asian_19,17703,/opt/ml/repo/level1_imageclassification_cv-level1-cv-06/T4064/dataset/train/images/006523_female_Asian_19/mask4.jpeg,Wear,19,female,3,4
006528_female_Asian_20,17724,/opt/ml/repo/level1_imageclassification_cv-level1-cv-06/T4064/dataset/train/images/006528_female_Asian_20/mask4.jpeg,Wear,20,female,3,4
006529_female_Asian_20,17731,/opt/ml/repo/level1_imageclassification_cv-level1-cv-06/T4064/dataset/train/images/006529_female_Asian_20/mask4.jpeg,Wear,20,female,3,1
006530_female_Asian_20,17738,/opt/ml/repo/level1_imageclassification_cv-level1-cv-06/T4064/dataset/train/images/006530_female_Asian_20/mask4.jpeg,Wear,20,female,3,0
006533_female_Asian_20,17752,/opt/ml/repo/level1_imageclassification_cv-level1-cv-06/T4064/dataset/train/images/006533_female_Asian_20/mask4.jpeg,Wear,20,female,3,4
006535_female_Asian_19,17759,/opt/ml/repo/level1_imageclassification_cv-level1-cv-06/T4064/dataset/train/images/006535_female_Asian_19/mask4.jpeg,Wear,19,female,3,4
006536_female_Asian_19,17766,/opt/ml/repo/level1_imageclassification_cv-level1-cv-06/T4064/dataset/train/images/006536_female_Asian_19/mask1.jpg,Wear,19,female,3,4
006541_female_Asian_22,17773,/opt/ml/repo/level1_imageclassification_cv-level1-cv-06/T4064/dataset/train/images/006541_female_Asian_22/mask1.jpg,Wear,22,female,3,4
006551_female_Asian_20,17808,/opt/ml/repo/level1_imageclassification_cv-level1-cv-06/T4064/dataset/train/images/006551_female_Asian_20/mask1.jpg,Wear,20,female,3,4
006554_female_Asian_20,17822,/opt/ml/repo/level1_imageclassification_cv-level1-cv-06/T4064/dataset/train/images/006554_female_Asian_20/mask1.jpg,Wear,20,female,3,4
006555_female_Asian_21,17830,/opt/ml/repo/level1_imageclassification_cv-level1-cv-06/T4064/dataset/train/images/006555_female_Asian_21/normal.jpeg,Not Wear,21,female,15,16
006566_female_Asian_19,17871,/opt/ml/repo/level1_imageclassification_cv-level1-cv-06/T4064/dataset/train/images/006566_female_Asian_19/mask1.jpg,Wear,19,female,3,4
006568_female_Asian_19,17885,/opt/ml/repo/level1_imageclassification_cv-level1-cv-06/T4064/dataset/train/images/006568_female_Asian_19/mask1.jpg,Wear,19,female,3,1
006571_female_Asian_21,17892,/opt/ml/repo/level1_imageclassification_cv-level1-cv-06/T4064/dataset/train/images/006571_female_Asian_21/mask1.jpg,Wear,21,female,3,4
006579_female_Asian_20,17906,/opt/ml/repo/level1_imageclassification_cv-level1-cv-06/T4064/dataset/train/images/006579_female_Asian_20/mask1.jpg,Wear,20,female,3,4
006580_female_Asian_20,17914,/opt/ml/repo/level1_imageclassification_cv-level1-cv-06/T4064/dataset/train/images/006580_female_Asian_20/normal.jpeg,Not Wear,20,female,15,16
006582_female_Asian_20,17920,/opt/ml/repo/level1_imageclassification_cv-level1-cv-06/T4064/dataset/train/images/006582_female_Asian_20/mask4.jpeg,Wear,20,female,3,4
006589_female_Asian_20,17934,/opt/ml/repo/level1_imageclassification_cv-level1-cv-06/T4064/dataset/train/images/006589_female_Asian_20/mask4.jpeg,Wear,20,female,3,4
006612_male_Asian_19,18018,/opt/ml/repo/level1_imageclassification_cv-level1-cv-06/T4064/dataset/train/images/006612_male_Asian_19/mask4.jpeg,Wear,19,male,0,4
006613_male_Asian_19,18025,/opt/ml/repo/level1_imageclassification_cv-level1-cv-06/T4064/dataset/train/images/006613_male_Asian_19/mask4.jpeg,Wear,19,male,0,4
006614_male_Asian_19,18032,/opt/ml/repo/level1_imageclassification_cv-level1-cv-06/T4064/dataset/train/images/006614_male_Asian_19/mask4.jpeg,Wear,19,male,0,4
006615_male_Asian_19,18039,/opt/ml/repo/level1_imageclassification_cv-level1-cv-06/T4064/dataset/train/images/006615_male_Asian_19/mask4.jpeg,Wear,19,male,0,3
006616_male_Asian_20,18046,/opt/ml/repo/level1_imageclassification_cv-level1-cv-06/T4064/dataset/train/images/006616_male_Asian_20/mask4.jpeg,Wear,20,male,0,4
006617_male_Asian_19,18053,/opt/ml/repo/level1_imageclassification_cv-level1-cv-06/T4064/dataset/train/images/006617_male_Asian_19/mask4.jpeg,Wear,19,male,0,4
006621_male_Asian_19,18067,/opt/ml/repo/level1_imageclassification_cv-level1-cv-06/T4064/dataset/train/images/006621_male_Asian_19/mask4.jpeg,Wear,19,male,0,3
006623_male_Asian_19,18081,/opt/ml/repo/level1_imageclassification_cv-level1-cv-06/T4064/dataset/train/images/006623_male_Asian_19/mask4.jpeg,Wear,19,male,0,4
006636_female_Asian_19,18130,/opt/ml/repo/level1_imageclassification_cv-level1-cv-06/T4064/dataset/train/images/006636_female_Asian_19/mask1.jpg,Wear,19,female,3,4
006639_male_Asian_19,18144,/opt/ml/repo/level1_imageclassification_cv-level1-cv-06/T4064/dataset/train/images/006639_male_Asian_19/mask4.jpeg,Wear,19,male,0,4
006649_male_Asian_19,18179,/opt/ml/repo/level1_imageclassification_cv-level1-cv-06/T4064/dataset/train/images/006649_male_Asian_19/mask4.jpeg,Wear,19,male,0,4
006651_male_Asian_19,18186,/opt/ml/repo/level1_imageclassification_cv-level1-cv-06/T4064/dataset/train/images/006651_male_Asian_19/mask4.jpeg,Wear,19,male,0,3
006652_male_Asian_20,18193,/opt/ml/repo/level1_imageclassification_cv-level1-cv-06/T4064/dataset/train/images/006652_male_Asian_20/mask1.jpg,Wear,20,male,0,4
006653_male_Asian_19,18200,/opt/ml/repo/level1_imageclassification_cv-level1-cv-06/T4064/dataset/train/images/006653_male_Asian_19/mask1.jpg,Wear,19,male,0,4
006654_male_Asian_19,18207,/opt/ml/repo/level1_imageclassification_cv-level1-cv-06/T4064/dataset/train/images/006654_male_Asian_19/mask4.jpeg,Wear,19,male,0,3
006657_male_Asian_20,18228,/opt/ml/repo/level1_imageclassification_cv-level1-cv-06/T4064/dataset/train/images/006657_male_Asian_20/mask4.jpeg,Wear,20,male,0,4
006658_male_Asian_19,18235,/opt/ml/repo/level1_imageclassification_cv-level1-cv-06/T4064/dataset/train/images/006658_male_Asian_19/mask4.jpeg,Wear,19,male,0,3
006659_male_Asian_19,18242,/opt/ml/repo/level1_imageclassification_cv-level1-cv-06/T4064/dataset/train/images/006659_male_Asian_19/mask1.jpg,Wear,19,male,0,1
006660_male_Asian_19,18249,/opt/ml/repo/level1_imageclassification_cv-level1-cv-06/T4064/dataset/train/images/006660_male_Asian_19/mask1.jpg,Wear,19,male,0,1
006664_male_Asian_19,18263,/opt/ml/repo/level1_imageclassification_cv-level1-cv-06/T4064/dataset/train/images/006664_male_Asian_19/mask1.jpg,Wear,19,male,0,4
006667_male_Asian_19,18284,/opt/ml/repo/level1_imageclassification_cv-level1-cv-06/T4064/dataset/train/images/006667_male_Asian_19/mask1.jpg,Wear,19,male,0,1
006668_male_Asian_22,18291,/opt/ml/repo/level1_imageclassification_cv-level1-cv-06/T4064/dataset/train/images/006668_male_Asian_22/mask1.jpg,Wear,22,male,0,4
006669_male_Asian_19,18298,/opt/ml/repo/level1_imageclassification_cv-level1-cv-06/T4064/dataset/train/images/006669_male_Asian_19/mask1.jpg,Wear,19,male,0,3
006671_male_Asian_19,18312,/opt/ml/repo/level1_imageclassification_cv-level1-cv-06/T4064/dataset/train/images/006671_male_Asian_19/mask4.jpeg,Wear,19,male,0,1
006672_male_Asian_19,18319,/opt/ml/repo/level1_imageclassification_cv-level1-cv-06/T4064/dataset/train/images/006672_male_Asian_19/mask1.jpg,Wear,19,male,0,3
006673_male_Asian_19,18326,/opt/ml/repo/level1_imageclassification_cv-level1-cv-06/T4064/dataset/train/images/006673_male_Asian_19/mask1.jpg,Wear,19,male,0,1
006674_male_Asian_19,18333,/opt/ml/repo/level1_imageclassification_cv-level1-cv-06/T4064/dataset/train/images/006674_male_Asian_19/mask1.jpg,Wear,19,male,0,3
006676_male_Asian_20,18347,/opt/ml/repo/level1_imageclassification_cv-level1-cv-06/T4064/dataset/train/images/006676_male_Asian_20/mask1.jpg,Wear,20,male,0,4
006678_male_Asian_19,18361,/opt/ml/repo/level1_imageclassification_cv-level1-cv-06/T4064/dataset/train/images/006678_male_Asian_19/mask1.jpg,Wear,19,male,0,4
006680_male_Asian_19,18368,/opt/ml/repo/level1_imageclassification_cv-level1-cv-06/T4064/dataset/train/images/006680_male_Asian_19/mask4.jpeg,Wear,19,male,0,4
006682_male_Asian_19,18375,/opt/ml/repo/level1_imageclassification_cv-level1-cv-06/T4064/dataset/train/images/006682_male_Asian_19/mask1.jpg,Wear,19,male,0,3
006684_male_Asian_19,18382,/opt/ml/repo/level1_imageclassification_cv-level1-cv-06/T4064/dataset/train/images/006684_male_Asian_19/mask1.jpg,Wear,19,male,0,4
006686_male_Asian_20,18389,/opt/ml/repo/level1_imageclassification_cv-level1-cv-06/T4064/dataset/train/images/006686_male_Asian_20/mask1.jpg,Wear,20,male,0,4
006690_male_Asian_20,18410,/opt/ml/repo/level1_imageclassification_cv-level1-cv-06/T4064/dataset/train/images/006690_male_Asian_20/mask1.jpg,Wear,20,male,0,1
006699_male_Asian_19,18431,/opt/ml/repo/level1_imageclassification_cv-level1-cv-06/T4064/dataset/train/images/006699_male_Asian_19/mask1.jpg,Wear,19,male,0,3
006706_male_Asian_20,18445,/opt/ml/repo/level1_imageclassification_cv-level1-cv-06/T4064/dataset/train/images/006706_male_Asian_20/mask1.jpg,Wear,20,male,0,1
006707_male_Asian_19,18452,/opt/ml/repo/level1_imageclassification_cv-level1-cv-06/T4064/dataset/train/images/006707_male_Asian_19/mask1.jpg,Wear,19,male,0,1
006708_male_Asian_19,18459,/opt/ml/repo/level1_imageclassification_cv-level1-cv-06/T4064/dataset/train/images/006708_male_Asian_19/mask1.jpg,Wear,19,male,0,4
006709_male_Asian_19,18466,/opt/ml/repo/level1_imageclassification_cv-level1-cv-06/T4064/dataset/train/images/006709_male_Asian_19/mask1.jpg,Wear,19,male,0,1
006710_male_Asian_19,18473,/opt/ml/repo/level1_imageclassification_cv-level1-cv-06/T4064/dataset/train/images/006710_male_Asian_19/mask1.jpg,Wear,19,male,0,4
006712_male_Asian_20,18487,/opt/ml/repo/level1_imageclassification_cv-level1-cv-06/T4064/dataset/train/images/006712_male_Asian_20/mask1.jpg,Wear,20,male,0,4
006714_male_Asian_20,18501,/opt/ml/repo/level1_imageclassification_cv-level1-cv-06/T4064/dataset/train/images/006714_male_Asian_20/mask1.jpg,Wear,20,male,0,4
006715_male_Asian_21,18508,/opt/ml/repo/level1_imageclassification_cv-level1-cv-06/T4064/dataset/train/images/006715_male_Asian_21/mask1.jpg,Wear,21,male,0,1
006716_male_Asian_19,18515,/opt/ml/repo/level1_imageclassification_cv-level1-cv-06/T4064/dataset/train/images/006716_male_Asian_19/mask1.jpg,Wear,19,male,0,4
006717_male_Asian_19,18522,/opt/ml/repo/level1_imageclassification_cv-level1-cv-06/T4064/dataset/train/images/006717_male_Asian_19/mask1.jpg,Wear,19,male,0,4
006721_male_Asian_20,18543,/opt/ml/repo/level1_imageclassification_cv-level1-cv-06/T4064/dataset/train/images/006721_male_Asian_20/mask1.jpg,Wear,20,male,0,1
006722_male_Asian_19,18550,/opt/ml/repo/level1_imageclassification_cv-level1-cv-06/T4064/dataset/train/images/006722_male_Asian_19/mask1.jpg,Wear,19,male,0,3
006724_male_Asian_19,18558,/opt/ml/repo/level1_imageclassification_cv-level1-cv-06/T4064/dataset/train/images/006724_male_Asian_19/normal.jpg,Not Wear,19,male,12,13
006726_male_Asian_19,18571,/opt/ml/repo/level1_imageclassification_cv-level1-cv-06/T4064/dataset/train/images/006726_male_Asian_19/mask1.jpg,Wear,19,male,0,4
006728_male_Asian_19,18585,/opt/ml/repo/level1_imageclassification_cv-level1-cv-06/T4064/dataset/train/images/006728_male_Asian_19/mask1.jpg,Wear,19,male,0,3
006729_male_Asian_19,18592,/opt/ml/repo/level1_imageclassification_cv-level1-cv-06/T4064/dataset/train/images/006729_male_Asian_19/mask1.jpg,Wear,19,male,0,1
006730_male_Asian_19,18599,/opt/ml/repo/level1_imageclassification_cv-level1-cv-06/T4064/dataset/train/images/006730_male_Asian_19/mask1.jpg,Wear,19,male,0,1
006731_male_Asian_19,18606,/opt/ml/repo/level1_imageclassification_cv-level1-cv-06/T4064/dataset/train/images/006731_male_Asian_19/mask1.jpg,Wear,19,male,0,4
006732_male_Asian_19,18613,/opt/ml/repo/level1_imageclassification_cv-level1-cv-06/T4064/dataset/train/images/006732_male_Asian_19/mask1.jpg,Wear,19,male,0,3
006738_male_Asian_19,18627,/opt/ml/repo/level1_imageclassification_cv-level1-cv-06/T4064/dataset/train/images/006738_male_Asian_19/mask1.jpg,Wear,19,male,0,4
006748_male_Asian_19,18669,/opt/ml/repo/level1_imageclassification_cv-level1-cv-06/T4064/dataset/train/images/006748_male_Asian_19/mask1.jpg,Wear,19,male,0,3
006749_male_Asian_19,18676,/opt/ml/repo/level1_imageclassification_cv-level1-cv-06/T4064/dataset/train/images/006749_male_Asian_19/mask1.jpg,Wear,19,male,0,4
006750_male_Asian_19,18683,/opt/ml/repo/level1_imageclassification_cv-level1-cv-06/T4064/dataset/train/images/006750_male_Asian_19/mask1.jpg,Wear,19,male,0,4
006751_male_Asian_20,18690,/opt/ml/repo/level1_imageclassification_cv-level1-cv-06/T4064/dataset/train/images/006751_male_Asian_20/mask1.jpg,Wear,20,male,0,1
006752_male_Asian_19,18697,/opt/ml/repo/level1_imageclassification_cv-level1-cv-06/T4064/dataset/train/images/006752_male_Asian_19/mask1.jpg,Wear,19,male,0,3
006753_male_Asian_19,18704,/opt/ml/repo/level1_imageclassification_cv-level1-cv-06/T4064/dataset/train/images/006753_male_Asian_19/mask1.jpg,Wear,19,male,0,4
006755_male_Asian_19,18718,/opt/ml/repo/level1_imageclassification_cv-level1-cv-06/T4064/dataset/train/images/006755_male_Asian_19/mask1.jpg,Wear,19,male,0,4
006770_male_Asian_20,18725,/opt/ml/repo/level1_imageclassification_cv-level1-cv-06/T4064/dataset/train/images/006770_male_Asian_20/mask1.jpg,Wear,20,male,0,1
006921_male_Asian_19,18746,/opt/ml/repo/level1_imageclassification_cv-level1-cv-06/T4064/dataset/train/images/006921_male_Asian_19/mask1.jpg,Wear,19,male,0,1
006926_male_Asian_19,18760,/opt/ml/repo/level1_imageclassification_cv-level1-cv-06/T4064/dataset/train/images/006926_male_Asian_19/mask1.jpg,Wear,19,male,0,1
006928_male_Asian_19,18774,/opt/ml/repo/level1_imageclassification_cv-level1-cv-06/T4064/dataset/train/images/006928_male_Asian_19/mask1.jpg,Wear,19,male,0,4
006941_male_Asian_20,18788,/opt/ml/repo/level1_imageclassification_cv-level1-cv-06/T4064/dataset/train/images/006941_male_Asian_20/mask1.jpg,Wear,20,male,0,4
006942_male_Asian_19,18795,/opt/ml/repo/level1_imageclassification_cv-level1-cv-06/T4064/dataset/train/images/006942_male_Asian_19/mask1.jpg,Wear,19,male,0,1
006943_male_Asian_20,18802,/opt/ml/repo/level1_imageclassification_cv-level1-cv-06/T4064/dataset/train/images/006943_male_Asian_20/mask1.jpg,Wear,20,male,0,4
006944_male_Asian_20,18809,/opt/ml/repo/level1_imageclassification_cv-level1-cv-06/T4064/dataset/train/images/006944_male_Asian_20/mask1.jpg,Wear,20,male,0,4
006945_male_Asian_19,18816,/opt/ml/repo/level1_imageclassification_cv-level1-cv-06/T4064/dataset/train/images/006945_male_Asian_19/mask1.jpg,Wear,19,male,0,4
006946_male_Asian_20,18823,/opt/ml/repo/level1_imageclassification_cv-level1-cv-06/T4064/dataset/train/images/006946_male_Asian_20/mask1.jpg,Wear,20,male,0,4
006947_male_Asian_19,18830,/opt/ml/repo/level1_imageclassification_cv-level1-cv-06/T4064/dataset/train/images/006947_male_Asian_19/mask1.jpg,Wear,19,male,0,4
006948_male_Asian_19,18838,/opt/ml/repo/level1_imageclassification_cv-level1-cv-06/T4064/dataset/train/images/006948_male_Asian_19/normal.jpg,Not Wear,19,male,12,13
006951_male_Asian_21,18851,/opt/ml/repo/level1_imageclassification_cv-level1-cv-06/T4064/dataset/train/images/006951_male_Asian_21/mask1.jpg,Wear,21,male,0,4
006954_male_Asian_19,18865,/opt/ml/repo/level1_imageclassification_cv-level1-cv-06/T4064/dataset/train/images/006954_male_Asian_19/mask1.jpg,Wear,19,male,0,4
006957_male_Asian_20,18886,/opt/ml/repo/level1_imageclassification_cv-level1-cv-06/T4064/dataset/train/images/006957_male_Asian_20/mask1.jpg,Wear,20,male,0,1
